<?xml version="1.0" encoding="utf-8"?>
<rss version="2.0" xmlns:sparkle="http://www.andymatuschak.org/xml-namespaces/sparkle"  xmlns:dc="http://purl.org/dc/elements/1.1/">
   <channel>
      <title>SelfControl Changelog</title>
      <link>http://cloud.github.com/downloads/slambert/selfcontrol/SelfControlAppcast.xml</link>
      <description>Most recent changes with links to updates.</description>
      <language>en</language>
         <item>
            <title>Version 1.0</title>
            <sparkle:releaseNotesLink>http://cloud.github.com/downloads/slambert/selfcontrol/releasenotes.html#version-1.0</sparkle:releaseNotesLink>
            <sparkle:minimumSystemVersion>10.5</sparkle:minimumSystemVersion>
            <pubDate>Thu, 26 Mar 2009 12:00:00 -0700</pubDate>
            <enclosure url="http://cloud.github.com/downloads/slambert/selfcontrol/SelfControl-1.0.zip" sparkle:version="1.0" length="251408" type="application/octet-stream" sparkle:dsaSignature="CwCFG4YqaqHLvet9TgDe2CtB/Bwrlf9AhRpkGIliyBi6/p4fpn1SjjDc8d3Yw==" />
         </item>
        <item>
          <title>Version 1.1</title>
          <sparkle:releaseNotesLink>http://cloud.github.com/downloads/slambert/selfcontrol/releasenotes.html#version-1.1</sparkle:releaseNotesLink>
          <sparkle:minimumSystemVersion>10.4</sparkle:minimumSystemVersion>
          <pubDate>Fri, 03 Apr 2009 11:32:01 -0700</pubDate>
          <enclosure
            url="http://cloud.github.com/downloads/slambert/selfcontrol/SelfControl-1.1.zip"
            sparkle:version="1.1"
            type="application/octet-stream"
            length="1756736"
            sparkle:dsaSignature="MC0CFQCLL/BaTKKK6uje5qx0mP+QA44+OAIUXaEU+BsdKI2DnyytX4uNFtXl00Y="
          />
        </item>
        <item>
          <title>Version 1.2</title>
          <sparkle:releaseNotesLink>http://cloud.github.com/downloads/slambert/selfcontrol/releasenotes.html#version-1.2</sparkle:releaseNotesLink>
          <pubDate>Mon, 18 May 2009 00:24:41 -0700</pubDate>
          <enclosure
            url="http://cloud.github.com/downloads/slambert/selfcontrol/SelfControl-1.2.zip"
            sparkle:version="1.2"
            type="application/octet-stream"
            length="1876844"
            sparkle:dsaSignature="MC0CFQCW/pftXpCwxIiKdkN509MwYOjH0wIUJOtWSAhq15Y3IzJE6EvPzBNr8Uc="
          />
        </item>
        <item>
          <title>Version 1.2.1</title>
          <sparkle:releaseNotesLink>http://cloud.github.com/downloads/slambert/selfcontrol/releasenotes.html#version-1.2.1</sparkle:releaseNotesLink>
          <pubDate>Sun, 07 Jun 2009 17:42:28 -0700</pubDate>
          <enclosure
            url="http://cloud.github.com/downloads/slambert/selfcontrol/SelfControl-1.2.1.zip"
            sparkle:version="1.2.1"
            type="application/octet-stream"
            length="1877501"
            sparkle:dsaSignature="MCwCFBf0N2WM+0jxwLgwfbKY6pIbelgpAhQzwBX1GzFRAYWKxmT6X9V98ys0xQ=="
          />
        </item>
        <item>
          <title>Version 1.2.2</title>
          <sparkle:releaseNotesLink>http://cloud.github.com/downloads/slambert/selfcontrol/releasenotes.html#version-1.2.2</sparkle:releaseNotesLink>
          <pubDate>Thu, 12 Nov 2009 21:15:30 -0700</pubDate>
          <enclosure
            url="http://cloud.github.com/downloads/slambert/selfcontrol/SelfControl-1.2.2.zip"
            sparkle:version="1.2.2"
            type="application/octet-stream"
            length="1889752"
            sparkle:dsaSignature="MCwCFCPEhDG9IigheXSQTMyGa/HM6zBbAhQE4LUgP+ptspk6nieM6uk6UhIFhA=="
          />
        </item>
   </channel>
</rss>